{"cameraMode":{"drawMode":0,"name":"Shaded","section":"Shading Mode"},"sceneLighting":true,"audioPlay":false,"sceneViewState":{"m_AlwaysRefresh":false,"showFog":true,"showSkybox":true,"showFlares":true,"showImageEffects":true,"showParticleSystems":true,"showVisualEffectGraphs":true,"m_FxEnabled":true},"in2DMode":false,"pivot":{"x":-1.8295317888259888,"y":2.6829464435577394,"z":2.5033633708953859},"rotation":{"x":-0.16200321912765504,"y":0.7474759817123413,"z":-0.19749750196933747,"w":-0.6131783127784729},"size":2.860063076019287,"orthographic":false}